<?xml version="1.0" encoding="UTF-8"?>
<project-private xmlns="http://www.netbeans.org/ns/project-private/1">
    <editor-bookmarks xmlns="http://www.netbeans.org/ns/editor-bookmarks/2" lastBookmarkId="0"/>
    <open-files xmlns="http://www.netbeans.org/ns/projectui-open-files/2">
        <group>
            <file>file:/E:/Documents/SEMESTER%20THREE/JAVA2/NetBeansProjects/pharmacy/src/pharmacyPages/Menu.java</file>
            <file>file:/E:/Documents/SEMESTER%20THREE/JAVA2/NetBeansProjects/pharmacy/src/SalesManager.java</file>
            <file>file:/E:/Documents/SEMESTER%20THREE/JAVA2/NetBeansProjects/pharmacy/src/tablesss.java</file>
            <file>file:/E:/Documents/SEMESTER%20THREE/JAVA2/NetBeansProjects/pharmacy/src/pharmacyPages/pharmacyLogin.java</file>
            <file>file:/E:/Documents/SEMESTER%20THREE/JAVA2/NetBeansProjects/pharmacy/src/UserManager.java</file>
            <file>file:/E:/Documents/SEMESTER%20THREE/JAVA2/NetBeansProjects/pharmacy/src/pharmacyPages/Loginaa.java</file>
        </group>
    </open-files>
</project-private>
